{
    "swagger": "2.0",
    "info": {
        "title": "AVET API",
        "version": "0.1"
    },
    "paths": {
        "/partner/{b64_idOperation}": {
            "put": {
                "tags": [
                    "Partner management"
                ],
                "summary": "Modifica los datos de un partnerOperation (ModifyPartner)",
                "parameters": [
                    {
                        "name": "partnerOperation",
                        "in": "body",
                        "description": "Datos personales de usuario, el objeto deber\u00eda completarse con datos PartnerInfo y Titulo en caso de alta nueva.",
                        "required": true,
                        "schema": {
                            "type": "array",
                            "items": {
                                "$ref": "#/definitions/Partner"
                            }
                        }
                    }
                ],
                "responses": {
                    "200": {
                        "description": "Objeto partnerOperation",
                        "schema": {
                            "properties": {
                                "partnerOp": {
                                    "$ref": "#/definitions/PartnerOperation"
                                }
                            },
                            "type": "object"
                        }
                    },
                    "400": {
                        "description": "Mensaje de error",
                        "schema": {
                            "properties": {
                                "message": {
                                    "type": "string"
                                }
                            }
                        }
                    }
                }
            },
            "delete": {
                "tags": [
                    "Partner management"
                ],
                "summary": "Cancela un partnerOperation (CancelPartner)",
                "parameters": [
                    {
                        "name": "b64_idOperation",
                        "in": "path",
                        "description": "Identificador de partnerOperation codificado en base 64",
                        "required": true,
                        "type": "string"
                    }
                ],
                "responses": {
                    "200": {
                        "description": "PartnerOperation cancelada",
                        "schema": {
                            "type": "array",
                            "items": {
                                "$ref": "#/definitions/PartnerOperation"
                            }
                        }
                    }
                }
            }
        },
        "/aforos/{idAforo}/areas/{idArea}/availability": {
            "get": {
                "tags": [
                    "Venue"
                ],
                "summary": "Obtiene la disponibilidad de un area dado un aforo (GetDetailAvailability)",
                "parameters": [
                    {
                        "name": "idAforo",
                        "in": "path",
                        "description": "Identificador \u00fanico de aforo",
                        "required": true,
                        "type": "integer"
                    },
                    {
                        "name": "idArea",
                        "in": "path",
                        "description": "Identificador \u00fanico de area",
                        "required": true,
                        "type": "integer"
                    }
                ],
                "responses": {
                    "200": {
                        "description": "Estado de asiento",
                        "schema": {
                            "type": "array",
                            "items": {
                                "$ref": "#/definitions/SeatStatus"
                            }
                        }
                    }
                }
            }
        },
        "/aforos/{idAforo}/areas/{idArea}": {
            "get": {
                "tags": [
                    "Venue"
                ],
                "summary": "Obtiene los asientos de un area dado un aforo (GetSeatingAreaByAforoAndArea-ticketing?)",
                "parameters": [
                    {
                        "name": "idAforo",
                        "in": "path",
                        "description": "Identificador \u00fanico de aforo",
                        "required": true,
                        "type": "integer"
                    },
                    {
                        "name": "idArea",
                        "in": "path",
                        "description": "Identificador \u00fanico de area",
                        "required": true,
                        "type": "integer"
                    }
                ],
                "responses": {
                    "200": {
                        "description": "Datos que definen un asiento",
                        "schema": {
                            "type": "array",
                            "items": {
                                "$ref": "#/definitions/SeatingArea"
                            }
                        }
                    }
                }
            }
        },
        "/aforos/{idAforo}/areas": {
            "get": {
                "tags": [
                    "Venue"
                ],
                "summary": "Obtiene las areas disponiblies de un aforos (GetAvailability)",
                "parameters": [
                    {
                        "name": "idAforo",
                        "in": "path",
                        "description": "Identificador \u00fanico de aforo",
                        "required": true,
                        "type": "integer"
                    }
                ],
                "responses": {
                    "200": {
                        "description": "Lista de areas disponibles para un aforo",
                        "schema": {
                            "type": "array",
                            "items": {
                                "$ref": "#/definitions/AreaAvailability"
                            }
                        }
                    }
                }
            }
        },
        "/aforos/{idAforo}/products": {
            "get": {
                "tags": [
                    "Pricing"
                ],
                "summary": "Obtiene los productos disponibles por zona, tipo de abono, plazo y periodicidad, para un aforo (GetProductsInfo)",
                "parameters": [
                    {
                        "name": "idAforo",
                        "in": "path",
                        "description": "Identificador \u00fanico de aforo",
                        "required": true,
                        "type": "integer"
                    }
                ],
                "responses": {
                    "200": {
                        "description": "Lista de productos disponibles por aforo",
                        "schema": {
                            "type": "array",
                            "items": {
                                "$ref": "#/definitions/Product"
                            }
                        }
                    }
                }
            }
        },
        "/aforos/{idAforo}/abonos": {
            "get": {
                "tags": [
                    "Pricing"
                ],
                "summary": "Obtiene los tipos de abono disponibles para un aforo (GetRolInfo)",
                "parameters": [
                    {
                        "name": "idAforo",
                        "in": "path",
                        "description": "Identificador \u00fanico de aforo",
                        "required": true,
                        "type": "integer"
                    }
                ],
                "responses": {
                    "200": {
                        "description": "Lista de tipos de abono disponibles por aforo",
                        "schema": {
                            "type": "array",
                            "items": {
                                "$ref": "#/definitions/RolPartnerInfo"
                            }
                        }
                    }
                }
            }
        },
        "/aforos": {
            "get": {
                "tags": [
                    "Venue"
                ],
                "summary": "Obtiene la lista de aforos (GetAforos-ticketing)",
                "responses": {
                    "200": {
                        "description": "Lista de aforos",
                        "schema": {
                            "type": "array",
                            "items": {
                                "$ref": "#/definitions/Aforo"
                            }
                        }
                    }
                }
            }
        },
        "/motivo_emision": {
            "get": {
                "tags": [
                    "Pricing"
                ],
                "summary": "Devuelve la lista de los Motivos de Emisi\u00f3n disponibles. (GetMotivoEmision)",
                "responses": {
                    "200": {
                        "description": "Lista de motivos de emisi\u00f3n",
                        "schema": {
                            "type": "array",
                            "items": {
                                "$ref": "#/definitions/Aforo"
                            }
                        }
                    }
                }
            }
        },
        "/partner/logged": {
            "get": {
                "tags": [
                    "Partner management"
                ],
                "summary": "Obtiene los datos del partner logueado",
                "responses": {
                    "200": {
                        "description": "Datos de partner y los tokens de autenticacion",
                        "schema": {
                            "properties": {
                                "partnerOperation": {
                                    "$ref": "#/definitions/PartnerOperation"
                                },
                                "ttl": {
                                    "type": "string"
                                }
                            },
                            "type": "object"
                        }
                    },
                    "400": {
                        "description": "Mensaje de error",
                        "schema": {
                            "properties": {
                                "message": {
                                    "type": "string"
                                }
                            }
                        }
                    }
                }
            }
        },
        "/paymentmodes": {
            "get": {
                "tags": [
                    "Pricing"
                ],
                "summary": "Devuelve la lista de modos de cobro disponibles en el sistema. (GetPaymentMode)",
                "responses": {
                    "200": {
                        "description": "Lista de modos de cobro",
                        "schema": {
                            "type": "array",
                            "items": {
                                "$ref": "#/definitions/PaymentMode"
                            }
                        }
                    }
                }
            }
        },
        "/plazos": {
            "get": {
                "tags": [
                    "Pricing"
                ],
                "summary": "Devuelve la relaci\u00f3n de periodicidades/plazos configurados en el sistema. (getPlazosInfo)",
                "responses": {
                    "200": {
                        "description": "Lista de periodicidades/plazos",
                        "schema": {
                            "type": "array",
                            "items": {
                                "$ref": "#/definitions/PlazoInfo"
                            }
                        }
                    }
                }
            }
        },
        "/partner/{b64_idOperation}/seat": {
            "patch": {
                "tags": [
                    "Partner management"
                ],
                "summary": "Modifica el asiento de un partner (ModifySeat)",
                "parameters": [
                    {
                        "name": "partnerOperation",
                        "in": "body",
                        "description": "Datos del nuevo asiento disponible. La cuota de socio deber\u00eda cambiarse previamente si el nuevo asiento as\u00ed lo requiere mediante la operation PUT /partner/{b64_idOperation}.",
                        "required": true,
                        "schema": {
                            "type": "array",
                            "items": {
                                "$ref": "#/definitions/Titulo"
                            }
                        }
                    }
                ],
                "responses": {
                    "200": {
                        "description": "Objeto partnerOperation",
                        "schema": {
                            "properties": {
                                "partnerOp": {
                                    "$ref": "#/definitions/PartnerOperation"
                                }
                            },
                            "type": "object"
                        }
                    },
                    "400": {
                        "description": "Mensaje de error",
                        "schema": {
                            "properties": {
                                "message": {
                                    "type": "string"
                                }
                            }
                        }
                    }
                }
            }
        },
        "/partner/{b64_idOperation}/confirm/{idPaymentMode}": {
            "post": {
                "tags": [
                    "Partner management"
                ],
                "summary": "Confirma una transacci\u00f3n partnerOperation",
                "parameters": [
                    {
                        "name": "b64_idOperation",
                        "in": "path",
                        "description": "Identificador de partnerOperation codificado en base 64 (ConfirmPartner)",
                        "required": true,
                        "type": "string"
                    },
                    {
                        "name": "idPaymentMode",
                        "in": "path",
                        "description": "Identificador de pago",
                        "required": true,
                        "type": "string"
                    }
                ],
                "responses": {
                    "200": {
                        "description": "PartnerOperation cancelada",
                        "schema": {
                            "type": "array",
                            "items": {
                                "$ref": "#/definitions/PartnerOperation"
                            }
                        }
                    },
                    "400": {
                        "description": "Mensaje de error",
                        "schema": {
                            "properties": {
                                "message": {
                                    "type": "string"
                                }
                            }
                        }
                    }
                }
            }
        },
        "/login": {
            "post": {
                "tags": [
                    "Partner management"
                ],
                "summary": "Login (GetPartner)",
                "parameters": [
                    {
                        "name": "login",
                        "in": "body",
                        "description": "Identificacion de usuario",
                        "required": true,
                        "schema": {
                            "required": [
                                "idAforo",
                                "pin"
                            ],
                            "properties": {
                                "idAforo": {
                                    "type": "integer"
                                },
                                "idPersona": {
                                    "type": "string"
                                },
                                "numSocio": {
                                    "type": "string"
                                },
                                "pin": {
                                    "type": "string"
                                }
                            }
                        }
                    }
                ],
                "responses": {
                    "200": {
                        "description": "Datos de partner y los tokens de autenticacion",
                        "schema": {
                            "properties": {
                                "partnerOp": {
                                    "$ref": "#/definitions/PartnerOperation"
                                },
                                "token": {
                                    "type": "string"
                                },
                                "refreshToken": {
                                    "type": "string"
                                },
                                "ttl": {
                                    "type": "string"
                                }
                            },
                            "type": "object"
                        }
                    },
                    "401": {
                        "description": "Mensaje de error",
                        "schema": {
                            "properties": {
                                "message": {
                                    "type": "string"
                                }
                            }
                        }
                    }
                }
            }
        },
        "/refreshToken": {
            "post": {
                "tags": [
                    "Partner management"
                ],
                "summary": "Obtiene nuevos tokens de credenciales",
                "parameters": [
                    {
                        "name": "login",
                        "in": "body",
                        "description": "Refresh token",
                        "required": true,
                        "schema": {
                            "required": [
                                "refreshToken"
                            ],
                            "properties": {
                                "refreshToken": {
                                    "type": "string"
                                }
                            }
                        }
                    }
                ],
                "responses": {
                    "200": {
                        "description": "Datos de partner y los tokens de autenticacion",
                        "schema": {
                            "properties": {
                                "partnerOp": {
                                    "$ref": "#/definitions/PartnerOperation"
                                },
                                "token": {
                                    "type": "string"
                                },
                                "refreshToken": {
                                    "type": "string"
                                },
                                "ttl": {
                                    "type": "string"
                                }
                            },
                            "type": "object"
                        }
                    },
                    "401": {
                        "description": "Mensaje de error",
                        "schema": {
                            "properties": {
                                "message": {
                                    "type": "string"
                                }
                            }
                        }
                    }
                }
            }
        },
        "/partner": {
            "post": {
                "tags": [
                    "Partner management"
                ],
                "summary": "Crea un nuevo partnerOperation (CreatePartner)",
                "parameters": [
                    {
                        "name": "partnerOperation",
                        "in": "body",
                        "description": "Datos personales de usuario, solo es obligatorio completar la propiedad personaInfo",
                        "required": true,
                        "schema": {
                            "type": "array",
                            "items": {
                                "$ref": "#/definitions/Partner"
                            }
                        }
                    }
                ],
                "responses": {
                    "200": {
                        "description": "Objeto partnerOperation",
                        "schema": {
                            "properties": {
                                "partnerOp": {
                                    "$ref": "#/definitions/PartnerOperation"
                                }
                            },
                            "type": "object"
                        }
                    },
                    "400": {
                        "description": "Mensaje de error",
                        "schema": {
                            "properties": {
                                "message": {
                                    "type": "string"
                                }
                            }
                        }
                    }
                }
            }
        }
    },
    "definitions": {
        "Aforo": {
            "properties": {
                "Description": {
                    "description": "Descripci\u00f3n del aforo",
                    "type": "string"
                },
                "IdAforo": {
                    "description": "Identificador unico de aforo",
                    "type": "integer"
                }
            },
            "type": "object"
        },
        "AreaAvailability": {
            "properties": {
                "IdAforo": {
                    "description": "Identificador de aforo",
                    "type": "integer"
                },
                "IdArea": {
                    "description": "Identificador de area",
                    "type": "integer"
                },
                "NumAsientos": {
                    "description": "Numero de asientos",
                    "type": "integer"
                }
            },
            "type": "object"
        },
        "Pago": {
            "properties": {
                "Cantidad": {
                    "description": "Cantidad realizada en el pago",
                    "type": "number",
                    "format": "float"
                },
                "Descuento": {
                    "description": "Cantidad para realizar el descuento",
                    "type": "number",
                    "format": "float"
                },
                "DtoPromos": {
                    "description": "Cantidad a descontar por promociones",
                    "type": "number",
                    "format": "float"
                },
                "FechaPago": {
                    "description": "Fecha pagos",
                    "type": "string",
                    "format": "date-time"
                },
                "IdAforo": {
                    "description": "Identificador de aforo",
                    "type": "integer"
                },
                "IdPago": {
                    "description": "Identificador de pago",
                    "type": "integer"
                },
                "IdPlazo": {
                    "description": "Identificador de plazo",
                    "type": "integer"
                },
                "Pagado": {
                    "description": "Flag que indica si el pago se ha realizado",
                    "type": "integer"
                },
                "Temporada": {
                    "description": "Temporada del pago",
                    "type": "string"
                },
                "Tipo": {
                    "description": "Tipo de pago",
                    "type": "integer"
                },
                "Zona": {
                    "description": "Identificador de zona",
                    "type": "integer"
                }
            },
            "type": "object"
        },
        "Partner": {
            "properties": {
                "PartnerInfo": {
                    "description": "Datos operativos del usuario",
                    "$ref": "#/definitions/PartnerInfo"
                },
                "PersonaInfo": {
                    "description": "Datos personales del usuario",
                    "$ref": "#/definitions/PersonaInfo"
                },
                "Titulo": {
                    "description": "Asiento del usuario",
                    "$ref": "#/definitions/Titulo"
                }
            },
            "type": "object"
        },
        "PartnerInfo": {
            "properties": {
                "Baja": {
                    "description": "Flag que indica si el usuario esta dado de baja",
                    "type": "boolean"
                },
                "CuotaSocio": {
                    "description": "Importe de la cuota de socio",
                    "type": "number",
                    "format": "float"
                },
                "FechaAlta": {
                    "description": "Fecha de alta del usuario",
                    "type": "string",
                    "format": "date-time"
                },
                "IdEstadoPagoSocio": {
                    "description": "Identificador del estado del pago de un socio",
                    "type": "integer"
                },
                "IdPeriodicidadSocio": {
                    "description": "Identificador de periodicidad del pago de un socio",
                    "type": "integer"
                },
                "IdTipoSocio": {
                    "description": "Identificador de tipo de socio (En teoria se obtiene de la lista SuscriberOperation->GetRolInfo)",
                    "type": "integer"
                },
                "IdTitularCuenta ": {
                    "description": "Identificador del titular de la cuenta",
                    "type": "string"
                },
                "Numero": {
                    "description": "Numero de socio",
                    "type": "integer"
                },
                "NumeroAnterior": {
                    "description": "Numero de socio anterior",
                    "type": "integer"
                },
                "Pagos": {
                    "description": "Array de instancias de pagos",
                    "type": "array",
                    "items": {
                        "$ref": "#/definitions/Pago"
                    }
                },
                "Referencia": {
                    "description": "Referencia",
                    "type": "string"
                },
                "ReferenciaAnterior": {
                    "description": "Referencia anterior",
                    "type": "string"
                },
                "Sector": {
                    "description": "Nombre de sector",
                    "type": "string"
                }
            },
            "type": "object"
        },
        "PartnerOperation": {
            "properties": {
                "IdOperation": {
                    "description": "Identificador de operacion",
                    "type": "string"
                },
                "FxUpdate": {
                    "description": "Fecha de actualizacion",
                    "type": "string"
                },
                "Partner": {
                    "description": "Datos del partner",
                    "$ref": "#/definitions/Partner"
                }
            },
            "type": "object"
        },
        "PaymentMode": {
            "properties": {
                "IdModoCobro": {
                    "description": "Identificador de modo de cobro",
                    "type": "integer"
                },
                "ModoCobro": {
                    "description": "Nombre del modo de cobro",
                    "type": "string"
                }
            },
            "type": "object"
        },
        "PersonaInfo": {
            "required": [
                "apellido1",
                "apellido2",
                "codigoPostal",
                "codProvincia",
                "dni",
                "domicilioCalle",
                "domicilioCodVia",
                "domicilioNumero",
                "email",
                "fechaNacimiento",
                "letraNIF",
                "nombre",
                "pais",
                "telefonoMovil"
            ],
            "properties": {
                "Apellido1": {
                    "description": "Primer apellido del usuario",
                    "type": "string"
                },
                "Apellido2": {
                    "description": "Segundo apellido del usuario",
                    "type": "string"
                },
                "Ayuntamiento": {
                    "description": "Nombre del ayuntamiento de la localidad",
                    "type": "string"
                },
                "BIC": {
                    "description": "BIC del usuario",
                    "type": "string"
                },
                "CodigoPostal": {
                    "description": "Codigo postal de la localidad",
                    "type": "string"
                },
                "CodProvincia": {
                    "description": "Codigo de provincia",
                    "type": "string"
                },
                "DNI": {
                    "description": "Documento de identidad",
                    "type": "string"
                },
                "Domicilio_Calle": {
                    "description": "Nombre de la calle del domicilio",
                    "type": "string"
                },
                "Domicilio_CodVia": {
                    "description": "C\u00f3digo de la via de la calle del domicilio",
                    "type": "string"
                },
                "Domicilio_Escalera": {
                    "description": "Escalera del domicilio",
                    "type": "string"
                },
                "Domicilio_Numero": {
                    "description": "N\u00famero del domicilio",
                    "type": "string"
                },
                "Domicilio_Piso": {
                    "description": "Piso del domicilio",
                    "type": "string"
                },
                "Email": {
                    "description": "Correo electronico de la persona",
                    "type": "string"
                },
                "Empresa": {
                    "description": "Nombre de la empresa donde trabaja el usuario",
                    "type": "string"
                },
                "FechaFirma": {
                    "description": "Fecha de la firma del usuario",
                    "type": "string"
                },
                "FechaNacimiento": {
                    "description": "Fecha de nacimiento del usuario",
                    "type": "string"
                },
                "IBAN": {
                    "description": "N\u00famero de cuenta bancaria del usuario",
                    "type": "string"
                },
                "IdProfesion": {
                    "description": "Identificador de profesion",
                    "type": "string"
                },
                "IdPersona": {
                    "description": "Identificador de persona",
                    "type": "string"
                },
                "LetraNIF": {
                    "description": "Letra del documento de identidad del usuario",
                    "type": "string"
                },
                "Localidad": {
                    "description": "Localidad de residencia del usuario",
                    "type": "string"
                },
                "Nombre": {
                    "description": "Nombre del usuario",
                    "type": "string"
                },
                "Observaciones": {
                    "description": "Campo de observaciones",
                    "type": "string"
                },
                "Pais": {
                    "description": "Pais de residencia del usuario",
                    "type": "string"
                },
                "Santo": {
                    "description": "Fecha del santo del usuario",
                    "type": "string"
                },
                "Sexo": {
                    "description": "G\u00e9nero del usuario",
                    "type": "string"
                },
                "Telefono": {
                    "description": "Numero de telefono fijo del usuario",
                    "type": "string"
                },
                "Telefono_Fax": {
                    "description": "N\u00famero de fax del usuario",
                    "type": "string"
                },
                "Telefono_Movil": {
                    "description": "Numero de telefono movil del usuario",
                    "type": "string"
                },
                "Telefono_Oficina": {
                    "description": "N\u00famero de telefono de la oficina del usuario",
                    "type": "string"
                }
            },
            "type": "object"
        },
        "PlazoInfo": {
            "properties": {
                "Fecha": {
                    "description": "Fecha",
                    "type": "string",
                    "format": "date-time"
                },
                "IdPeriodicidad": {
                    "description": "Identificador de periodicidad",
                    "type": "integer"
                },
                "IdPlazo": {
                    "description": "Identificador de plazo",
                    "type": "integer"
                },
                "Periodicidad": {
                    "description": "Descripcion de la periodicidad",
                    "type": "string"
                },
                "Plazo": {
                    "description": "Descripcion del plazo",
                    "type": "string"
                }
            },
            "type": "object"
        },
        "Product": {
            "properties": {
                "CuotaPlazo": {
                    "description": "Valor de la cuota del plazo",
                    "type": "number",
                    "format": "float"
                },
                "IdAforo": {
                    "description": "Identificador de aforo",
                    "type": "integer"
                },
                "IdPeriodicidad": {
                    "description": "Identificador de periodicidad",
                    "type": "integer"
                },
                "IdPlazo": {
                    "description": "Identificador de plazos",
                    "type": "integer"
                },
                "IdTipoAbono": {
                    "description": "Identificador de tipo de abono",
                    "type": "integer"
                },
                "IdZona": {
                    "description": "Identificador de zona",
                    "type": "integer"
                }
            },
            "type": "object"
        },
        "RolPartnerInfo": {
            "properties": {
                "Nombre": {
                    "description": "Descripcion del rol",
                    "type": "string"
                },
                "IdTipo": {
                    "description": "Identificador unico de rol",
                    "type": "integer"
                }
            },
            "type": "object"
        },
        "SeatStatus": {
            "properties": {
                "Estado": {
                    "description": "Estado de asiento (N = No disponible, D = Disponible)",
                    "type": "string"
                },
                "IdSeat": {
                    "description": "Identificador unico de asiento",
                    "type": "integer"
                }
            },
            "type": "object"
        },
        "SeatingArea": {
            "properties": {
                "Gate": {
                    "description": "Nombre de puerta para acceder al asiento",
                    "type": "string"
                },
                "IdArea": {
                    "description": "Identificador de area",
                    "type": "integer"
                },
                "IdSeat": {
                    "description": "Identificador de asiento",
                    "type": "integer"
                },
                "PosRow": {
                    "description": "Posicion de la fila del asiento",
                    "type": "integer"
                },
                "PosSeat": {
                    "description": "Posicion del asiento",
                    "type": "integer"
                },
                "Row": {
                    "description": "Nombre de la fila del asiento",
                    "type": "string"
                },
                "Seat": {
                    "description": "Nombre del asiento",
                    "type": "string"
                },
                "Vomitorio": {
                    "description": "Nombre del vomitorio para acceder al asiento",
                    "type": "string"
                }
            },
            "type": "object"
        },
        "Titulo": {
            "properties": {
                "Asiento": {
                    "description": "Nombre del asiento",
                    "type": "string"
                },
                "Fila": {
                    "description": "Nombre de la fila",
                    "type": "string"
                },
                "IdAforo": {
                    "description": "Identificador de aforo",
                    "type": "integer"
                },
                "IdAsiento": {
                    "description": "Identificador de asiento",
                    "type": "integer"
                },
                "IdPeriodicidad": {
                    "description": "Identificador de periodicidad",
                    "type": "integer"
                },
                "IdTipoAbono": {
                    "description": "Identificador de tipo de abono",
                    "type": "integer"
                },
                "IdZona": {
                    "description": "Identificador de zona",
                    "type": "integer"
                },
                "Validez": {
                    "description": "Validez del titulo",
                    "type": "string"
                }
            },
            "type": "object"
        }
    }
}